'Ed Lee','','some email address'
'Ed La','','some email address'
'Ed Har likes 19','19','some email address'
'Ed Was','','some email address'
'Ed Kim','','some email address'
'Ed Po','','some email address'
'Ed Ott','','some email address'
'Ed Bay','','some email address'
'Ed Res','','some email address'
'Ed Fan','','some email address'
'Joe Lee','','some email address'
'Joe La','','some email address'
'Joe Har','','some email address'
'Joe Was','','some email address'
'Joe Kim','','some email address'
'Joe Po','','some email address'
'Joe Ott','','some email address'
'Joe Bay likes 41','41','some email address'
'Joe Res','','some email address'
'Joe Fan','','some email address'
'Ann Lee','','some email address'
'Ann La','','some email address'
'Ann Har','','some email address'
'Ann Was','','some email address'
'Ann Kim','','some email address'
'Ann Po','','some email address'
'Ann Ott','','some email address'
'Ann Bay','','some email address'
'Ann Res','','some email address'
'Ann Fan','','some email address'
'Jo Lee','','some email address'
'Jo La','','some email address'
'Jo Har','','some email address'
'Jo Was','','some email address'
'Jo Kim','','some email address'
'Jo Po','','some email address'
'Jo Ott','','some email address'
'Jo Bay','','some email address'
'Jo Res','','some email address'
'Jo Fan','','some email address'
'Min Lee','','some email address'
'Min La','','some email address'
'Min Har','','some email address'
'Min Was','','some email address'
'Min Kim','','some email address'
'Min Po','','some email address'
'Min Ott','','some email address'
'Min Bay','','some email address'
'Min Res','','some email address'
'Min Fan','','some email address'
'Al Lee','','some email address'
'Al La','','some email address'
'Al Har','','some email address'
'Al Was','','some email address'
'Al Kim','','some email address'
'Al Po','','some email address'
'Al Ott','','some email address'
'Al Bay','','some email address'
'Al Res','','some email address'
'Al Fan','','some email address'
'Ha Lee','','some email address'
'Ha La','','some email address'
'Ha Har','','some email address'
'Ha Was','','some email address'
'Ha Kim','','some email address'
'Ha Po','','some email address'
'Ha Ott','','some email address'
'Ha Bay','','some email address'
'Ha Res','','some email address'
'Ha Fan','','some email address'
'Ro Lee','','some email address'
'Ro La','','some email address'
'Ro Har','','some email address'
'Ro Was','','some email address'
'Ro Kim','','some email address'
'Ro Po','','some email address'
'Ro Ott','','some email address'
'Ro Bay','','some email address'
'Ro Res','','some email address'
'Ro Fan','','some email address'
'Ben Lee','','some email address'
'Ben La','','some email address'
'Ben Har','','some email address'
'Ben Was','','some email address'
'Ben Kim','','some email address'
'Ben Po','','some email address'
'Ben Ott','','some email address'
'Ben Bay','','some email address'
'Ben Res','','some email address'
'Ben Fan','','some email address'
'Wei Lee','','some email address'
'Wei La','','some email address'
'Wei Har','','some email address'
'Wei Was','','some email address'
'Wei Kim','','some email address'
'Wei Po','','some email address'
'Wei Ott','','some email address'
'Wei Bay','','some email address'
'Wei Res','','some email address'
'Constantine Lucretius Throckmorton III','','some email address'